CA,FE,BA,BE,00,00,00,34,00,16,0A,00,04,00,12,09
00,03,00,13,07,00,14,07,00,15,01,00,03,6E,75,6D
01,00,01,49,01,00,06,3C,69,6E,69,74,3E,01,00,03
28,29,56,01,00,04,43,6F,64,65,01,00,0F,4C,69,6E
65,4E,75,6D,62,65,72,54,61,62,6C,65,01,00,12,4C
6F,63,61,6C,56,61,72,69,61,62,6C,65,54,61,62,6C
65,01,00,04,74,68,69,73,01,00,11,4C,63,6F,6D,2F
64,65,6C,74,61,76,2F,44,65,6D,6F,3B,01,00,03,61
64,64,01,00,03,28,29,49,01,00,0A,53,6F,75,72,63
65,46,69,6C,65,01,00,09,44,65,6D,6F,2E,6A,61,76
61,0C,00,07,00,08,0C,00,05,00,06,01,00,0F,63,6F
6D,2F,64,65,6C,74,61,76,2F,44,65,6D,6F,01,00,10
6A,61,76,61,2F,6C,61,6E,67,2F,4F,62,6A,65,63,74
00,21,00,03,00,04,00,00,00,01,00,02,00,05,00,06
00,00,00,02,00,01,00,07,00,08,00,01,00,09,00,00
00,38,00,02,00,01,00,00,00,0A,2A,B7,00,01,2A,04
B5,00,02,B1,00,00,00,02,00,0A,00,00,00,0A,00,02
00,00,00,09,00,04,00,0A,00,0B,00,00,00,0C,00,01
00,00,00,0A,00,0C,00,0D,00,00,00,01,00,0E,00,0F
00,01,00,09,00,00,00,3D,00,03,00,01,00,00,00,0F
2A,2A,B4,00,02,05,60,B5,00,02,2A,B4,00,02,AC,00
00,00,02,00,0A,00,00,00,0A,00,02,00,00,00,0E,00
0A,00,0F,00,0B,00,00,00,0C,00,01,00,00,00,0F,00
0C,00,0D,00,00,00,01,00,10,00,00,00,02,00,11